Importance,Level,Job Zone,Code,Occupation
99,70,5,29-1215.00,Family Medicine Physicians
99,67,5,29-1127.00,Speech-Language Pathologists
97,71,4,29-1141.00,Registered Nurses
97,69,5,29-9091.00,Athletic Trainers
96,77,5,29-1161.00,Nurse Midwives
96,72,3,33-3021.02,Police Identification and Records Officers
95,73,5,29-1071.00,Physician Assistants
95,72,3,29-1141.01,Acute Care Nurses
95,72,2,33-9031.00,Gambling Surveillance Officers and Gambling Investigators
95,72,3,31-2021.00,Physical Therapist Assistants
95,71,5,29-1229.02,Hospitalists
95,69,4,11-3051.01,Quality Control Systems Managers
95,59,3,31-2011.00,Occupational Therapy Assistants
94,79,5,29-1171.00,Nurse Practitioners
94,78,5,19-1021.00,Biochemists and Biophysicists
94,77,3,27-3092.00,Court Reporters and Simultaneous Captioners
94,74,5,29-1229.01,Allergists and Immunologists
94,74,5,29-1216.00,General Internal Medicine Physicians
94,71,5,29-1141.02,Advanced Practice Psychiatric Nurses
94,65,5,29-1299.01,Naturopathic Physicians
94,63,5,21-1013.00,Marriage and Family Therapists
93,74,3,33-1011.00,First-Line Supervisors of Correctional Officers
93,72,2,43-5031.00,Public Safety Telecommunicators
93,71,5,29-1224.00,Radiologists
93,70,5,29-1041.00,Optometrists
93,69,5,29-1122.00,Occupational Therapists
93,62,5,29-2091.00,Orthotists and Prosthetists
93,61,3,29-2081.00,"Opticians, Dispensing"
92,79,5,29-1151.00,Nurse Anesthetists
92,74,3,53-6051.01,Aviation Inspectors
92,61,5,29-1123.00,Physical Therapists
91,87,5,29-1217.00,Neurologists
91,83,5,29-1241.00,"Ophthalmologists, Except Pediatric"
91,77,5,29-1081.00,Podiatrists
91,76,5,29-1213.00,Dermatologists
91,75,2,31-9093.00,Medical Equipment Preparers
91,73,5,29-1221.00,"Pediatricians, General"
91,70,3,31-9092.00,Medical Assistants
91,70,5,29-1229.04,Physical Medicine and Rehabilitation Physicians
91,70,2,23-2093.00,"Title Examiners, Abstractors, and Searchers"
91,70,3,33-3052.00,Transit and Railroad Police
91,62,3,29-2099.01,Neurodiagnostic Technologists
91,57,4,19-4021.00,Biological Technicians
90,74,5,19-1029.03,Geneticists
90,73,5,25-4011.00,Archivists
90,72,3,29-1124.00,Radiation Therapists
90,71,5,19-3091.00,Anthropologists and Archeologists
90,71,5,29-1222.00,"Physicians, Pathologists"
90,71,3,29-1126.00,Respiratory Therapists
90,69,4,19-2031.00,Chemists
90,68,5,29-1181.00,Audiologists
90,63,4,19-4092.00,Forensic Science Technicians
90,62,5,29-1299.02,Orthoptists
90,61,4,21-1021.00,"Child, Family, and School Social Workers"
90,60,3,33-2021.00,Fire Inspectors and Investigators
90,59,3,29-2099.05,Ophthalmic Medical Technologists
90,57,2,31-9096.00,Veterinary Assistants and Laboratory Animal Caretakers
90,51,2,31-1122.00,Personal Care Aides
89,75,3,49-3011.00,Aircraft Mechanics and Service Technicians
89,73,5,29-1229.03,Urologists
89,72,5,25-1061.00,"Anthropology and Archeology Teachers, Postsecondary"
89,72,4,29-2011.00,Medical and Clinical Laboratory Technologists
89,71,3,29-2053.00,Psychiatric Technicians
89,69,5,21-1023.00,Mental Health and Substance Abuse Social Workers
89,67,4,11-9199.02,Compliance Managers
89,59,5,25-1122.00,"Communications Teachers, Postsecondary"
88,76,5,29-9099.01,Midwives
88,75,3,19-4051.00,Nuclear Technicians
88,70,5,29-1011.00,Chiropractors
88,69,3,33-1012.00,First-Line Supervisors of Police and Detectives
88,69,5,19-1029.02,Molecular and Cellular Biologists
88,66,4,29-1141.03,Critical Care Nurses
88,66,5,19-1022.00,Microbiologists
88,66,3,33-9021.00,Private Detectives and Investigators
88,66,4,17-2112.02,Validation Engineers
88,65,4,11-9121.01,Clinical Research Coordinators
88,61,3,19-5012.00,Occupational Health and Safety Technicians
88,60,5,25-4012.00,Curators
88,59,4,29-2011.01,Cytogenetic Technologists
88,59,4,21-1093.00,Social and Human Service Assistants
88,56,4,21-1094.00,Community Health Workers
88,56,3,13-1032.00,"Insurance Appraisers, Auto Damage"
87,75,5,21-1011.00,Substance Abuse and Behavioral Disorder Counselors
87,71,3,29-2061.00,Licensed Practical and Licensed Vocational Nurses
87,64,3,29-2031.00,Cardiovascular Technologists and Technicians
87,62,3,19-4031.00,Chemical Technicians
87,60,2,45-2011.00,Agricultural Inspectors
87,60,3,31-9094.00,Medical Transcriptionists
87,58,3,19-4012.00,Agricultural Technicians
87,56,3,13-1041.00,Compliance Officers
87,54,2,53-7071.00,Gas Compressor and Gas Pumping Station Operators
86,74,4,15-2051.02,Clinical Data Managers
86,73,4,21-1092.00,Probation Officers and Correctional Treatment Specialists
86,71,5,19-1029.04,Biologists
86,71,5,29-1021.00,"Dentists, General"
86,71,3,19-4051.02,Nuclear Monitoring Technicians
86,71,5,29-1024.00,Prosthodontists
86,71,2,33-9032.00,Security Guards
86,70,4,11-9199.01,Regulatory Affairs Managers
86,70,5,29-1229.06,Sports Medicine Physicians
86,69,5,29-1129.01,Art Therapists
86,69,3,13-1041.06,Coroners
86,69,5,25-1072.00,"Nursing Instructors and Teachers, Postsecondary"
86,67,3,33-3021.00,Detectives and Criminal Investigators
86,67,5,29-1022.00,Oral and Maxillofacial Surgeons
86,67,3,33-3051.00,Police and Sheriff's Patrol Officers
86,65,5,29-9092.00,Genetic Counselors
86,62,5,29-2011.02,Cytotechnologists
86,62,5,25-1125.00,"History Teachers, Postsecondary"
86,60,4,19-4042.00,"Environmental Science and Protection Technicians, Including Health"
86,59,4,27-3011.00,Broadcast Announcers and Radio Disc Jockeys
86,55,3,19-4099.01,Quality Control Analysts
85,73,3,17-3021.00,Aerospace Engineering and Operations Technologists and Technicians
85,73,5,19-2032.00,Materials Scientists
85,72,3,51-8011.00,Nuclear Power Reactor Operators
85,70,5,11-9121.00,Natural Sciences Managers
85,69,4,15-1211.01,Health Informatics Specialists
85,68,3,49-2091.00,Avionics Technicians
85,67,3,43-4111.00,"Interviewers, Except Eligibility and Loan"
85,63,2,43-9021.00,Data Entry Keyers
85,63,5,29-1223.00,Psychiatrists
85,60,3,39-4011.00,Embalmers
85,58,4,13-2071.00,Credit Counselors
85,52,5,29-1051.00,Pharmacists
85,49,4,13-1071.00,Human Resources Specialists
84,73,5,29-1211.00,Anesthesiologists
84,73,5,15-1221.00,Computer and Information Research Scientists
84,70,4,17-1022.00,Surveyors
84,67,3,29-2099.08,Patient Representatives
84,66,2,33-9099.02,Retail Loss Prevention Specialists
84,65,4,33-3031.00,Fish and Game Wardens
84,63,3,43-4161.00,"Human Resources Assistants, Except Payroll and Timekeeping"
84,63,2,43-5111.00,"Weighers, Measurers, Checkers, and Samplers, Recordkeeping"
84,62,4,13-1031.00,"Claims Adjusters, Examiners, and Investigators"
84,62,4,29-1129.02,Music Therapists
84,61,2,51-8099.01,Biofuels Processing Technicians
84,61,3,29-2056.00,Veterinary Technologists and Technicians
84,56,4,21-1015.00,Rehabilitation Counselors
84,52,2,51-9192.00,"Cleaning, Washing, and Metal Pickling Equipment Operators and Tenders"
84,45,2,43-5041.00,"Meter Readers, Utilities"
83,73,4,17-2011.00,Aerospace Engineers
83,71,4,17-1022.01,Geodetic Surveyors
83,70,4,19-1012.00,Food Scientists and Technologists
83,69,3,33-1021.00,First-Line Supervisors of Firefighting and Prevention Workers
83,69,5,21-1022.00,Healthcare Social Workers
83,66,3,53-2022.00,Airfield Operations Specialists
83,65,5,19-3093.00,Historians
83,64,4,19-5011.00,Occupational Health and Safety Specialists
83,60,5,19-3033.00,Clinical and Counseling Psychologists
83,59,2,33-9011.00,Animal Control Workers
83,59,4,11-9199.08,Loss Prevention Managers
83,59,3,51-8021.00,Stationary Engineers and Boiler Operators
83,56,2,51-3092.00,Food Batchmakers
83,55,3,29-2057.00,Ophthalmic Medical Technicians
83,54,2,33-3041.00,Parking Enforcement Workers
83,51,4,29-1125.00,Recreational Therapists
83,50,2,53-1042.01,Recycling Coordinators
82,71,5,29-1071.01,Anesthesiologist Assistants
82,69,5,19-2043.00,Hydrologists
82,65,4,13-2011.00,Accountants and Auditors
82,62,5,25-1113.00,"Social Work Teachers, Postsecondary"
82,61,4,19-2041.00,"Environmental Scientists and Specialists, Including Health"
82,60,5,17-1011.00,"Architects, Except Landscape and Naval"
82,59,2,47-5032.00,"Explosives Workers, Ordnance Handling Experts, and Blasters"
82,59,4,19-4061.00,Social Science Research Assistants
82,59,5,29-1131.00,Veterinarians
82,57,3,29-2033.00,Nuclear Medicine Technologists
82,56,4,19-4043.00,"Geological Technicians, Except Hydrologic Technicians"
82,56,2,53-7073.00,Wellhead Pumpers
81,76,3,33-3051.04,Customs and Border Protection Officers
81,73,3,29-2012.00,Medical and Clinical Laboratory Technicians
81,68,5,29-1291.00,Acupuncturists
81,67,5,29-1141.04,Clinical Nurse Specialists
81,66,2,33-3012.00,Correctional Officers and Jailers
81,63,4,17-2199.05,Mechatronics Engineers
81,61,3,17-3027.01,Automotive Engineering Technicians
81,59,5,29-1031.00,Dietitians and Nutritionists
81,58,4,15-1299.03,Document Management Specialists
81,58,2,53-7121.00,"Tank Car, Truck, and Ship Loaders"
81,57,4,13-1041.01,Environmental Compliance Inspectors
81,56,5,25-2051.00,"Special Education Teachers, Preschool"
81,53,2,51-9061.00,"Inspectors, Testers, Sorters, Samplers, and Weighers"
81,51,2,53-3011.00,"Ambulance Drivers and Attendants, Except Emergency Medical Technicians"
81,51,5,29-1122.01,"Low Vision Therapists, Orientation and Mobility Specialists, and Vision Rehabilitation Therapists"
81,43,2,41-2021.00,Counter and Rental Clerks
80,71,4,15-1299.09,Information Technology Project Managers
80,69,4,13-2099.04,"Fraud Examiners, Investigators and Analysts"
80,67,5,25-1042.00,"Biological Science Teachers, Postsecondary"
80,66,2,31-1121.00,Home Health Aides
80,66,3,31-9097.00,Phlebotomists
80,66,5,19-1013.00,Soil and Plant Scientists
80,65,4,13-1199.04,Business Continuity Planners
80,63,5,25-1043.00,"Forestry and Conservation Science Teachers, Postsecondary"
80,63,3,51-8013.04,Hydroelectric Plant Technicians
80,63,3,17-3027.00,Mechanical Engineering Technologists and Technicians
80,62,5,25-1123.00,"English Language and Literature Teachers, Postsecondary"
80,61,3,33-2011.00,Firefighters
80,60,3,13-2082.00,Tax Preparers
80,55,3,29-2035.00,Magnetic Resonance Imaging Technologists
80,50,2,51-3093.00,Food Cooking Machine Operators and Tenders
79,77,5,19-2012.00,Physicists
79,72,5,17-2199.09,Nanosystems Engineers
79,72,5,19-2099.01,Remote Sensing Scientists and Technologists
79,71,4,17-2041.00,Chemical Engineers
79,66,3,11-3051.06,Hydroelectric Production Managers
79,65,4,13-1041.03,Equal Opportunity Representatives and Officers
79,63,4,17-2151.00,"Mining and Geological Engineers, Including Mining Safety Engineers"
79,61,5,19-3022.00,Survey Researchers
79,60,3,17-3031.00,Surveying and Mapping Technicians
79,59,5,25-1111.00,"Criminal Justice and Law Enforcement Teachers, Postsecondary"
79,59,4,19-1032.00,Foresters
79,59,2,51-4033.00,"Grinding, Lapping, Polishing, and Buffing Machine Tool Setters, Operators, and Tenders, Metal and Plastic"
79,58,4,19-1031.00,Conservation Scientists
79,58,4,29-1128.00,Exercise Physiologists
79,55,3,11-9199.09,Wind Energy Operations Managers
79,54,4,17-1021.00,Cartographers and Photogrammetrists
79,54,3,29-1292.00,Dental Hygienists
79,53,5,29-1023.00,Orthodontists
79,48,2,43-4041.00,"Credit Authorizers, Checkers, and Clerks"
79,47,3,31-9099.01,Speech-Language Pathology Assistants
79,43,3,29-2051.00,Dietetic Technicians
78,74,4,33-3021.06,Intelligence Analysts
78,70,4,17-2141.02,Automotive Engineers
78,67,5,21-1012.00,"Educational, Guidance, and Career Counselors and Advisors"
78,65,4,25-2057.00,"Special Education Teachers, Middle School"
78,64,3,17-3024.00,Electro-Mechanical and Mechatronics Technologists and Technicians
78,63,4,17-3026.01,Nanotechnology Engineering Technologists and Technicians
78,61,3,29-2032.00,Diagnostic Medical Sonographers
78,61,3,31-9099.02,Endoscopy Technicians
78,61,3,51-8031.00,Water and Wastewater Treatment Plant and System Operators
78,59,3,49-2094.00,"Electrical and Electronics Repairers, Commercial and Industrial Equipment"
78,58,5,25-1041.00,"Agricultural Sciences Teachers, Postsecondary"
78,58,3,11-9171.00,Funeral Home Managers
78,56,3,33-2022.00,Forest Fire Inspectors and Prevention Specialists
78,52,3,29-2092.00,Hearing Aid Specialists
78,49,3,39-4031.00,"Morticians, Undertakers, and Funeral Arrangers"
77,67,5,19-1042.00,"Medical Scientists, Except Epidemiologists"
77,65,4,17-2111.00,"Health and Safety Engineers, Except Mining Safety Engineers and Inspectors"
77,64,4,11-9111.00,Medical and Health Services Managers
77,64,4,15-1253.00,Software Quality Assurance Analysts and Testers
77,63,5,19-1023.00,Zoologists and Wildlife Biologists
77,62,2,51-9193.00,Cooling and Freezing Equipment Operators and Tenders
77,62,2,53-4013.00,"Rail Yard Engineers, Dinkey Operators, and Hostlers"
77,60,3,23-2011.00,Paralegals and Legal Assistants
77,60,3,27-4014.00,Sound Engineering Technicians
77,59,2,51-8013.03,Biomass Plant Technicians
77,57,5,25-1062.00,"Area, Ethnic, and Cultural Studies Teachers, Postsecondary"
77,57,4,27-4032.00,Film and Video Editors
77,55,2,31-1133.00,Psychiatric Aides
77,51,2,43-9041.00,Insurance Claims and Policy Processing Clerks
76,72,4,17-2131.00,Materials Engineers
76,70,4,17-2199.07,Photonics Engineers
76,69,4,17-2199.08,Robotics Engineers
76,67,5,19-2042.00,"Geoscientists, Except Hydrologists and Geographers"
76,67,4,13-1111.00,Management Analysts
76,64,4,13-2061.00,Financial Examiners
76,64,4,15-1212.00,Information Security Analysts
76,64,5,25-1066.00,"Psychology Teachers, Postsecondary"
76,64,4,53-6051.00,Transportation Inspectors
76,63,4,21-1091.00,Health Education Specialists
76,61,3,33-3011.00,Bailiffs
76,61,2,17-3029.01,Non-Destructive Testing Specialists
76,58,3,49-2095.00,"Electrical and Electronics Repairers, Powerhouse, Substation, and Relay"
76,58,5,29-1218.00,Obstetricians and Gynecologists
76,58,4,19-4012.01,Precision Agriculture Technicians
76,56,3,11-9071.00,Gambling Managers
76,55,5,11-9032.00,"Education Administrators, Kindergarten through Secondary"
76,54,3,29-2052.00,Pharmacy Technicians
76,53,3,29-2034.00,Radiologic Technologists and Technicians
76,52,4,25-2031.00,"Secondary School Teachers, Except Special and Career/Technical Education"
76,51,3,43-3031.00,"Bookkeeping, Accounting, and Auditing Clerks"
76,51,2,43-4031.00,"Court, Municipal, and License Clerks"
76,51,3,19-4013.00,Food Science Technicians
76,50,3,31-1131.00,Nursing Assistants
75,70,4,15-1299.08,Computer Systems Engineers/Architects
75,68,5,19-1041.00,Epidemiologists
75,66,4,13-1051.00,Cost Estimators
75,65,4,11-9041.01,Biofuels/Biodiesel Technology and Product Development Managers
75,63,5,19-1011.00,Animal Scientists
75,63,5,29-1229.05,Preventive Medicine Physicians
75,62,4,17-2112.03,Manufacturing Engineers
75,61,5,23-1023.00,"Judges, Magistrate Judges, and Magistrates"
75,60,3,13-1041.04,Government Property Inspectors and Investigators
75,59,3,13-1041.08,Customs Brokers
75,59,5,19-2041.02,Environmental Restoration Planners
75,59,5,25-1054.00,"Physics Teachers, Postsecondary"
75,58,3,49-9081.00,Wind Turbine Service Technicians
75,54,4,39-9032.00,Recreation Workers
75,53,2,43-4021.00,Correspondence Clerks
75,53,2,43-4171.00,Receptionists and Information Clerks
75,52,2,45-4023.00,Log Graders and Scalers
75,51,3,13-2081.00,"Tax Examiners and Collectors, and Revenue Agents"
75,50,3,37-1012.00,"First-Line Supervisors of Landscaping, Lawn Service, and Groundskeeping Workers"
75,50,3,49-3042.00,"Mobile Heavy Equipment Mechanics, Except Engines"
75,49,3,43-1011.00,First-Line Supervisors of Office and Administrative Support Workers
75,47,2,43-5021.00,Couriers and Messengers
75,37,2,43-6013.00,Medical Secretaries and Administrative Assistants
74,77,5,19-2011.00,Astronomers
74,72,4,17-2061.00,Computer Hardware Engineers
74,67,4,15-2051.01,Business Intelligence Analysts
74,60,4,11-9021.00,Construction Managers
74,59,5,17-2112.01,Human Factors Engineers and Ergonomists
74,58,4,11-9199.11,Brownfield Redevelopment Specialists and Site Managers
74,58,4,11-9161.00,Emergency Management Directors
74,57,4,17-2199.03,"Energy Engineers, Except Wind and Solar"
74,56,3,11-3012.00,Administrative Services Managers
74,56,3,49-2021.00,"Radio, Cellular, and Tower Equipment Installers and Repairers"
74,55,4,13-1023.00,"Purchasing Agents, Except Wholesale, Retail, and Farm Products"
74,53,3,49-9062.00,Medical Equipment Repairers
74,52,2,37-3012.00,"Pesticide Handlers, Sprayers, and Applicators, Vegetation"
74,51,2,53-7072.00,"Pump Operators, Except Wellhead Pumpers"
73,72,4,15-1243.00,Database Architects
73,72,5,19-3041.00,Sociologists
73,64,3,17-3023.00,Electrical and Electronic Engineering Technologists and Technicians
73,64,4,27-3042.00,Technical Writers
73,63,4,27-2032.00,Choreographers
73,62,4,15-1242.00,Database Administrators
73,60,5,21-1014.00,Mental Health Counselors
73,59,5,23-1011.00,Lawyers
73,58,3,17-3029.08,Photonics Technicians
73,57,4,17-3025.00,Environmental Engineering Technologists and Technicians
73,57,3,49-1011.00,"First-Line Supervisors of Mechanics, Installers, and Repairers"
73,56,5,25-1071.00,"Health Specialties Teachers, Postsecondary"
73,55,2,53-1043.00,First-Line Supervisors of Material-Moving Machine and Vehicle Operators
73,54,5,25-2059.01,Adapted Physical Education Specialists
73,53,3,47-4011.01,Energy Auditors
73,50,2,11-9131.00,Postmasters and Mail Superintendents
73,49,4,25-2023.00,"Career/Technical Education Teachers, Middle School"
73,49,2,33-9092.00,"Lifeguards, Ski Patrol, and Other Recreational Protective Service Workers"
73,48,3,39-9041.00,Residential Advisors
73,46,2,43-3011.00,Bill and Account Collectors
73,45,2,43-4051.00,Customer Service Representatives
73,45,4,41-4012.00,"Sales Representatives, Wholesale and Manufacturing, Except Technical and Scientific Products"
72,69,4,17-2072.00,"Electronics Engineers, Except Computer"
72,67,4,15-2099.01,Bioinformatics Technicians
72,64,4,17-2111.02,Fire-Prevention and Protection Engineers
72,63,5,25-1064.00,"Geography Teachers, Postsecondary"
72,63,5,25-1067.00,"Sociology Teachers, Postsecondary"
72,62,4,13-1081.01,Logistics Engineers
72,62,5,17-2199.06,Microsystems Engineers
72,61,4,13-1161.00,Market Research Analysts and Marketing Specialists
72,60,3,27-4012.00,Broadcast Technicians
72,60,3,49-9012.00,"Control and Valve Installers and Repairers, Except Mechanical Door"
72,59,5,23-1022.00,"Arbitrators, Mediators, and Conciliators"
72,58,4,13-1081.00,Logisticians
72,56,2,43-5011.00,Cargo and Freight Agents
72,55,4,13-2023.00,Appraisers and Assessors of Real Estate
72,55,4,13-1199.05,Sustainability Specialists
72,54,4,13-2031.00,Budget Analysts
72,53,2,51-4081.00,"Multiple Machine Tool Setters, Operators, and Tenders, Metal and Plastic"
72,52,4,19-1031.02,Range Managers
72,51,2,51-4032.00,"Drilling and Boring Machine Tool Setters, Operators, and Tenders, Metal and Plastic"
72,49,4,25-2022.00,"Middle School Teachers, Except Special and Career/Technical Education"
72,49,2,43-5071.00,"Shipping, Receiving, and Inventory Clerks"
72,49,2,43-9022.00,Word Processors and Typists
72,48,2,51-9011.00,Chemical Equipment Operators and Tenders
72,48,3,31-2012.00,Occupational Therapy Aides
72,48,3,43-3051.00,Payroll and Timekeeping Clerks
72,46,2,53-6011.00,Bridge and Lock Tenders
72,46,2,51-9041.00,"Extruding, Forming, Pressing, and Compacting Machine Setters, Operators, and Tenders"
72,34,2,49-3091.00,Bicycle Repairers
71,70,3,51-8012.00,Power Distributors and Dispatchers
71,66,5,19-2041.03,Industrial Ecologists
71,66,4,11-9121.02,Water Resource Specialists
71,65,2,51-2011.00,"Aircraft Structure, Surfaces, Rigging, and Systems Assemblers"
71,64,3,17-3024.01,Robotics Technicians
71,62,4,11-9151.00,Social and Community Service Managers
71,62,4,17-2199.10,Wind Energy Engineers
71,61,4,11-3121.00,Human Resources Managers
71,61,4,25-2058.00,"Special Education Teachers, Secondary School"
71,60,4,11-3051.04,Biomass Power Plant Managers
71,58,4,15-1251.00,Computer Programmers
71,58,4,27-2012.03,Media Programming Directors
71,58,4,13-2052.00,Personal Financial Advisors
71,56,4,27-3023.00,"News Analysts, Reporters, and Journalists"
71,55,5,25-1051.00,"Atmospheric, Earth, Marine, and Space Sciences Teachers, Postsecondary"
71,54,4,13-2053.00,Insurance Underwriters
71,53,3,49-2092.00,"Electric Motor, Power Tool, and Related Repairers"
71,53,2,53-4031.00,Railroad Conductors and Yardmasters
71,50,5,25-9044.00,"Teaching Assistants, Postsecondary"
71,49,4,11-9031.00,"Education and Childcare Administrators, Preschool and Daycare"
71,49,3,43-4061.00,"Eligibility Interviewers, Government Programs"
71,33,2,45-2021.00,Animal Breeders
70,68,4,15-1241.00,Computer Network Architects
70,66,4,17-2141.01,Fuel Cell Engineers
70,66,4,17-2161.00,Nuclear Engineers
70,61,3,47-1011.03,Solar Energy Installation Managers
70,58,4,17-2081.00,Environmental Engineers
70,58,4,13-2072.00,Loan Officers
70,57,2,49-9099.01,Geothermal Technicians
70,57,2,51-8093.00,"Petroleum Pump System Operators, Refinery Operators, and Gaugers"
70,56,2,43-4151.00,Order Clerks
70,56,4,43-9111.00,Statistical Assistants
70,55,2,39-4021.00,Funeral Attendants
70,54,3,31-9091.00,Dental Assistants
70,53,3,17-3012.00,Electrical and Electronics Drafters
70,53,4,13-1081.02,Logistics Analysts
70,52,3,31-9011.00,Massage Therapists
70,51,2,43-4181.00,Reservation and Transportation Ticket Agents and Travel Clerks
70,51,3,25-3041.00,Tutors
70,50,5,25-1082.00,"Library Science Teachers, Postsecondary"
70,49,4,27-3091.00,Interpreters and Translators
70,48,3,43-6011.00,Executive Secretaries and Executive Administrative Assistants
70,48,2,41-2022.00,Parts Salespersons
70,38,4,11-9179.01,Fitness and Wellness Coordinators
69,70,4,17-2031.00,Bioengineers and Biomedical Engineers
69,69,5,19-3094.00,Political Scientists
69,66,5,19-3092.00,Geographers
69,66,4,15-1299.02,Geographic Information Systems Technologists and Technicians
69,61,5,19-1029.01,Bioinformatics Scientists
69,61,4,13-1041.07,Regulatory Affairs Specialists
69,60,4,17-2051.02,Water/Wastewater Engineers
69,59,5,11-9041.00,Architectural and Engineering Managers
69,57,2,47-5081.00,Helpers--Extraction Workers
69,57,5,25-1193.00,"Recreation and Fitness Studies Teachers, Postsecondary"
69,57,3,29-9093.00,Surgical Assistants
69,54,3,51-9162.00,Computer Numerically Controlled Tool Programmers
69,54,3,53-6041.00,Traffic Technicians
69,53,2,43-5011.01,Freight Forwarders
69,53,4,13-1199.06,Online Merchants
69,53,3,53-5031.00,Ship Engineers
69,52,4,17-2141.00,Mechanical Engineers
69,51,4,41-9021.00,Real Estate Brokers
69,50,3,41-3041.00,Travel Agents
69,46,2,43-3041.00,Gambling Cage Workers
68,65,5,25-1081.00,"Education Teachers, Postsecondary"
68,65,4,17-2171.00,Petroleum Engineers
68,60,4,17-2072.01,Radio Frequency Identification Device Specialists
68,58,5,19-3032.00,Industrial-Organizational Psychologists
68,57,4,13-1131.00,Fundraisers
68,57,3,11-3051.02,Geothermal Production Managers
68,55,4,19-4099.03,Remote Sensing Technicians
68,54,5,23-1021.00,"Administrative Law Judges, Adjudicators, and Hearing Officers"
68,53,2,51-8013.00,Power Plant Operators
68,52,3,43-6012.00,Legal Secretaries and Administrative Assistants
68,50,4,11-3051.00,Industrial Production Managers
68,49,4,13-1121.00,"Meeting, Convention, and Event Planners"
68,48,5,25-4022.00,Librarians and Media Collections Specialists
68,47,3,27-4011.00,Audio and Video Technicians
68,46,5,25-1031.00,"Architecture Teachers, Postsecondary"
68,44,4,25-2021.00,"Elementary School Teachers, Except Special Education"
68,43,4,27-1021.00,Commercial and Industrial Designers
68,41,3,27-4031.00,"Camera Operators, Television, Video, and Film"
67,63,5,25-1021.00,"Computer Science Teachers, Postsecondary"
67,56,4,17-2051.00,Civil Engineers
67,55,5,25-9031.00,Instructional Coordinators
67,55,3,49-9071.00,"Maintenance and Repair Workers, General"
67,53,4,25-2032.00,"Career/Technical Education Teachers, Secondary School"
67,53,3,17-3013.00,Mechanical Drafters
67,52,3,17-3022.00,Civil Engineering Technologists and Technicians
67,52,4,27-1025.00,Interior Designers
67,50,3,17-3011.00,Architectural and Civil Drafters
67,48,5,25-9021.00,Farm and Home Management Educators
67,48,4,11-9013.00,"Farmers, Ranchers, and Other Agricultural Managers"
67,48,4,27-2012.00,Producers and Directors
67,47,3,49-3031.00,Bus and Truck Mechanics and Diesel Engine Specialists
67,46,2,49-9096.00,Riggers
67,42,2,43-5032.00,"Dispatchers, Except Police, Fire, and Ambulance"
67,40,5,25-1052.00,"Chemistry Teachers, Postsecondary"
66,61,4,17-2071.00,Electrical Engineers
66,60,4,11-3111.00,Compensation and Benefits Managers
66,56,3,51-8092.00,Gas Plant Operators
66,56,5,25-1112.00,"Law Teachers, Postsecondary"
66,55,3,25-1194.00,"Career/Technical Education Teachers, Postsecondary"
66,55,5,25-1053.00,"Environmental Science Teachers, Postsecondary"
66,55,3,45-4011.00,Forest and Conservation Workers
66,55,4,13-1075.00,Labor Relations Specialists
66,55,2,49-9044.00,Millwrights
66,55,4,17-2051.01,Transportation Engineers
66,54,4,15-1244.00,Network and Computer Systems Administrators
66,54,3,15-1241.01,Telecommunications Engineering Specialists
66,52,2,53-7051.00,Industrial Truck and Tractor Operators
66,52,2,47-5012.00,"Rotary Drill Operators, Oil and Gas"
66,51,4,41-3031.00,"Securities, Commodities, and Financial Services Sales Agents"
66,51,4,11-9199.10,Wind Energy Development Managers
66,50,2,31-2022.00,Physical Therapist Aides
66,49,2,43-3071.00,Tellers
66,48,3,49-9092.00,Commercial Divers
66,48,2,47-4099.03,Weatherization Installers and Technicians
66,47,2,51-6091.00,"Extruding and Forming Machine Setters, Operators, and Tenders, Synthetic and Glass Fibers"
66,47,4,11-1021.00,General and Operations Managers
66,46,3,41-9022.00,Real Estate Sales Agents
66,45,2,37-2021.00,Pest Control Workers
65,60,4,11-3031.01,Treasurers and Controllers
65,58,4,17-2121.00,Marine Engineers and Naval Architects
65,58,4,19-3099.01,Transportation Planners
65,55,4,13-1151.00,Training and Development Specialists
65,54,4,15-1255.01,Video Game Designers
65,51,4,11-3031.00,Financial Managers
65,51,2,39-7012.00,Travel Guides
65,49,2,53-1041.00,Aircraft Cargo Handling Supervisors
65,49,5,25-1121.00,"Art, Drama, and Music Teachers, Postsecondary"
65,49,4,21-2021.00,"Directors, Religious Activities and Education"
65,49,3,49-2098.00,Security and Fire Alarm Systems Installers
65,48,3,35-1011.00,Chefs and Head Cooks
65,47,2,51-8091.00,Chemical Plant and System Operators
65,46,2,53-4011.00,Locomotive Engineers
65,45,4,13-1021.00,"Buyers and Purchasing Agents, Farm Products"
65,43,2,43-6014.00,"Secretaries and Administrative Assistants, Except Legal, Medical, and Executive"
65,42,1,47-4071.00,Septic Tank Servicers and Sewer Pipe Cleaners
65,38,2,39-2021.00,Animal Caretakers
65,35,2,51-9196.00,"Paper Goods Machine Setters, Operators, and Tenders"
65,34,3,25-4031.00,Library Technicians
65,31,3,43-3021.00,Billing and Posting Clerks
65,28,2,43-2021.00,Telephone Operators
64,60,4,17-2021.00,Agricultural Engineers
64,57,4,13-1141.00,"Compensation, Benefits, and Job Analysis Specialists"
64,55,4,41-1012.00,First-Line Supervisors of Non-Retail Sales Workers
64,54,4,17-1012.00,Landscape Architects
64,53,4,17-2112.00,Industrial Engineers
64,52,3,19-4071.00,Forest and Conservation Technicians
64,52,4,11-3071.00,"Transportation, Storage, and Distribution Managers"
64,50,2,51-9081.00,Dental Laboratory Technicians
64,49,2,51-4034.00,"Lathe and Turning Machine Tool Setters, Operators, and Tenders, Metal and Plastic"
64,47,3,51-6092.00,Fabric and Apparel Patternmakers
64,46,4,25-4013.00,Museum Technicians and Conservators
64,43,3,51-1011.00,First-Line Supervisors of Production and Operating Workers
64,36,2,43-9061.00,"Office Clerks, General"
63,60,5,15-2041.00,Statisticians
63,59,2,51-4023.00,"Rolling Machine Setters, Operators, and Tenders, Metal and Plastic"
63,56,4,11-3051.03,Biofuels Production Managers
63,52,3,47-4041.00,Hazardous Materials Removal Workers
63,51,3,53-5021.00,"Captains, Mates, and Pilots of Water Vessels"
63,51,3,17-3026.00,Industrial Engineering Technologists and Technicians
63,49,4,13-2041.00,Credit Analysts
63,49,3,49-9041.00,Industrial Machinery Mechanics
63,47,2,39-2011.00,Animal Trainers
63,44,2,47-2072.00,Pile Driver Operators
63,41,2,45-2093.00,"Farmworkers, Farm, Ranch, and Aquacultural Animals"
63,39,2,49-9094.00,Locksmiths and Safe Repairers
63,38,4,53-2011.00,"Airline Pilots, Copilots, and Flight Engineers"
62,60,4,15-2011.00,Actuaries
62,57,2,49-9095.00,Manufactured Building and Mobile Home Installers
62,55,4,27-1011.00,Art Directors
62,52,5,25-1126.00,"Philosophy and Religion Teachers, Postsecondary"
62,52,3,15-1254.00,Web Developers
62,51,3,15-1232.00,Computer User Support Specialists
62,51,3,47-4011.00,Construction and Building Inspectors
62,50,3,51-9161.00,Computer Numerically Controlled Tool Operators
62,49,2,37-1011.00,First-Line Supervisors of Housekeeping and Janitorial Workers
62,47,3,53-2012.00,Commercial Pilots
62,44,2,43-4081.00,"Hotel, Motel, and Resort Desk Clerks"
62,43,3,45-1011.00,"First-Line Supervisors of Farming, Fishing, and Forestry Workers"
62,43,2,43-5051.00,Postal Service Clerks
62,42,2,43-5061.00,"Production, Planning, and Expediting Clerks"
62,41,2,53-1042.00,"First-Line Supervisors of Helpers, Laborers, and Material Movers, Hand"
61,57,5,15-2041.01,Biostatisticians
61,56,2,51-3091.00,"Food and Tobacco Roasting, Baking, and Drying Machine Operators and Tenders"
61,49,5,11-1011.03,Chief Sustainability Officers
61,47,2,43-4071.00,File Clerks
61,47,2,49-3053.00,Outdoor Power Equipment and Other Small Engine Mechanics
61,47,4,13-1161.01,Search Marketing Strategists
61,45,2,43-3061.00,Procurement Clerks
61,44,4,25-3011.00,"Adult Basic Education, Adult Secondary Education, and English as a Second Language Instructors"
61,44,2,51-9051.00,"Furnace, Kiln, Oven, Drier, and Kettle Operators and Tenders"
61,44,2,49-9052.00,Telecommunications Line Installers and Repairers
61,43,2,51-4191.00,"Heat Treating Equipment Setters, Operators, and Tenders, Metal and Plastic"
61,42,2,43-4121.00,"Library Assistants, Clerical"
61,41,4,27-2022.00,Coaches and Scouts
61,41,2,27-1023.00,Floral Designers
61,41,3,25-3021.00,Self-Enrichment Teachers
61,36,3,39-6012.00,Concierges
60,61,5,13-2099.01,Financial Quantitative Analysts
60,59,3,43-9031.00,Desktop Publishers
60,57,4,27-3043.05,"Poets, Lyricists and Creative Writers"
60,56,4,19-2021.00,Atmospheric and Space Scientists
60,55,4,15-1299.01,Web Administrators
60,54,4,11-3071.04,Supply Chain Managers
60,51,5,25-1022.00,"Mathematical Science Teachers, Postsecondary"
60,50,5,25-1032.00,"Engineering Teachers, Postsecondary"
60,49,2,39-6011.00,Baggage Porters and Bellhops
60,49,4,11-9081.00,Lodging Managers
60,48,3,49-3052.00,Motorcycle Mechanics
60,47,2,31-9095.00,Pharmacy Aides
60,45,4,25-2012.00,"Kindergarten Teachers, Except Special Education"
60,44,3,47-2111.00,Electricians
60,44,2,41-2012.00,Gambling Change Persons and Booth Cashiers
60,43,2,51-2051.00,Fiberglass Laminators and Fabricators
60,40,2,47-2061.00,Construction Laborers
60,35,2,51-4021.00,"Extruding and Drawing Machine Setters, Operators, and Tenders, Metal and Plastic"
60,34,2,51-9191.00,Adhesive Bonding Machine Operators and Tenders
59,59,4,11-3021.00,Computer and Information Systems Managers
59,59,5,15-2031.00,Operations Research Analysts
59,54,5,19-3051.00,Urban and Regional Planners
59,50,4,17-2199.11,Solar Energy Systems Engineers
59,47,3,49-3041.00,Farm Equipment Mechanics and Service Technicians
59,47,3,49-2022.00,"Telecommunications Equipment Installers and Repairers, Except Line Installers"
59,46,3,49-2097.00,Audiovisual Equipment Installers and Repairers
59,46,5,25-1192.00,"Family and Consumer Sciences Teachers, Postsecondary"
59,45,3,29-2055.00,Surgical Technologists
59,44,4,11-9141.00,"Property, Real Estate, and Community Association Managers"
59,43,2,51-4051.00,Metal-Refining Furnace Operators and Tenders
59,42,2,39-1013.00,First-Line Supervisors of Gambling Services Workers
59,39,3,27-1022.00,Fashion Designers
59,35,3,49-2096.00,"Electronic Equipment Installers and Repairers, Motor Vehicles"
59,30,2,51-9197.00,Tire Builders
58,57,5,19-3011.01,Environmental Economists
58,56,4,11-3131.00,Training and Development Managers
58,53,3,53-2021.00,Air Traffic Controllers
58,52,4,41-9031.00,Sales Engineers
58,47,3,39-5012.00,"Hairdressers, Hairstylists, and Cosmetologists"
58,46,4,27-3041.00,Editors
58,46,3,47-2152.04,Solar Thermal Installers and Technicians
58,45,4,11-3061.00,Purchasing Managers
58,44,4,11-2011.00,Advertising and Promotions Managers
58,44,4,41-3011.00,Advertising Sales Agents
58,44,2,51-9032.00,"Cutting and Slicing Machine Setters, Operators, and Tenders"
58,44,3,43-4131.00,Loan Interviewers and Clerks
58,42,2,51-9021.00,"Crushing, Grinding, and Polishing Machine Setters, Operators, and Tenders"
58,38,2,53-3052.00,"Bus Drivers, Transit and Intercity"
58,38,2,47-4061.00,Rail-Track Laying and Maintenance Equipment Operators
58,37,1,47-5011.00,"Derrick Operators, Oil and Gas"
58,37,2,49-9031.00,Home Appliance Repairers
58,35,1,51-3022.00,"Meat, Poultry, and Fish Cutters and Trimmers"
58,34,2,41-9041.00,Telemarketers
57,59,5,11-3031.03,Investment Fund Managers
57,57,2,27-2021.00,Athletes and Sports Competitors
57,53,5,11-9033.00,"Education Administrators, Postsecondary"
57,47,4,15-1231.00,Computer Network Support Specialists
57,47,2,51-4052.00,"Pourers and Casters, Metal"
57,40,3,39-1022.00,First-Line Supervisors of Personal Service Workers
57,40,3,49-9021.00,"Heating, Air Conditioning, and Refrigeration Mechanics and Installers"
57,39,2,53-3032.00,Heavy and Tractor-Trailer Truck Drivers
57,39,2,49-3043.00,Rail Car Repairers
57,38,3,11-9179.02,Spa Managers
57,38,2,51-4194.00,"Tool Grinders, Filers, and Sharpeners"
57,37,4,43-9081.00,Proofreaders and Copy Markers
56,58,5,19-3011.00,Economists
56,50,5,19-2041.01,Climate Change Policy Analysts
56,50,2,53-5011.00,Sailors and Marine Oilers
56,45,3,51-9082.00,Medical Appliance Technicians
56,45,4,11-2022.00,Sales Managers
56,43,2,53-4022.00,"Railroad Brake, Signal, and Switch Operators and Locomotive Firers"
56,41,3,27-4021.00,Photographers
56,40,2,49-9091.00,"Coin, Vending, and Amusement Machine Servicers and Repairers"
56,40,2,43-2011.00,"Switchboard Operators, Including Answering Service"
56,38,2,53-7041.00,Hoist and Winch Operators
56,34,2,53-3031.00,Driver/Sales Workers
56,34,2,11-9051.00,Food Service Managers
56,34,2,51-4022.00,"Forging Machine Setters, Operators, and Tenders, Metal and Plastic"
55,53,5,25-1063.00,"Economics Teachers, Postsecondary"
55,50,3,49-2093.00,"Electrical and Electronics Installers and Repairers, Transportation Equipment"
55,46,2,51-2022.00,Electrical and Electronic Equipment Assemblers
55,43,3,13-1022.00,"Wholesale and Retail Buyers, Except Farm Products"
55,39,2,53-6021.00,Parking Attendants
55,38,2,53-5022.00,Motorboat Operators
55,37,2,51-9195.00,"Molders, Shapers, and Casters, Except Metal and Plastic"
55,32,2,35-3011.00,Bartenders
54,57,5,15-2021.00,Mathematicians
54,49,4,27-2012.05,Media Technical Directors/Managers
54,46,2,53-6051.07,"Transportation Vehicle, Equipment and Systems Inspectors, Except Aviation"
54,44,2,47-2031.00,Carpenters
54,42,4,41-3021.00,Insurance Sales Agents
54,41,2,51-9194.00,Etchers and Engravers
54,40,2,51-9012.00,"Separating, Filtering, Clarifying, Precipitating, and Still Machine Setters, Operators, and Tenders"
54,40,4,27-2012.04,Talent Directors
54,40,2,27-2023.00,"Umpires, Referees, and Other Sports Officials"
54,36,3,39-9031.00,Exercise Trainers and Group Fitness Instructors
54,32,2,39-9011.00,Childcare Workers
54,32,2,35-2012.00,"Cooks, Institution and Cafeteria"
53,52,5,25-1065.00,"Political Science Teachers, Postsecondary"
53,50,2,47-4051.00,Highway Maintenance Workers
53,49,3,47-1011.00,First-Line Supervisors of Construction Trades and Extraction Workers
53,46,3,51-4041.00,Machinists
53,45,2,53-6031.00,Automotive and Watercraft Service Attendants
53,44,2,51-5112.00,Printing Press Operators
53,43,2,51-2023.00,Electromechanical Equipment Assemblers
53,42,3,47-4021.00,Elevator and Escalator Installers and Repairers
53,41,2,47-5022.00,"Excavating and Loading Machine and Dragline Operators, Surface Mining"
53,39,2,51-9111.00,Packaging and Filling Machine Operators and Tenders
53,38,2,51-4193.00,"Plating Machine Setters, Operators, and Tenders, Metal and Plastic"
53,37,4,19-1031.03,Park Naturalists
53,36,2,53-3033.00,Light Truck Drivers
52,47,2,51-9124.00,"Coating, Painting, and Spraying Machine Setters, Operators, and Tenders"
52,46,2,53-7061.00,Cleaners of Vehicles and Equipment
52,43,3,49-9097.00,Signal and Track Switch Repairers
52,43,2,33-9093.00,Transportation Security Screeners
52,41,3,43-4011.00,Brokerage Clerks
52,40,4,15-1211.00,Computer Systems Analysts
52,40,1,51-9022.00,"Grinding and Polishing Workers, Hand"
52,38,3,49-3051.00,Motorboat Mechanics and Service Technicians
52,38,3,51-5111.00,Prepress Technicians and Workers
52,34,2,51-3021.00,Butchers and Meat Cutters
52,34,2,51-9023.00,"Mixing and Blending Machine Setters, Operators, and Tenders"
52,28,1,45-2091.00,Agricultural Equipment Operators
52,27,2,51-6062.00,"Textile Cutting Machine Setters, Operators, and Tenders"
51,49,5,19-3034.00,School Psychologists
51,48,2,47-5013.00,"Service Unit Operators, Oil and Gas"
51,46,2,53-4041.00,Subway and Streetcar Operators
51,43,3,51-9071.06,Gem and Diamond Workers
51,43,4,27-2041.00,Music Directors and Composers
51,42,2,51-9141.00,Semiconductor Processing Technicians
51,42,2,51-6061.00,Textile Bleaching and Dyeing Machine Operators and Tenders
51,41,1,45-2092.00,"Farmworkers and Laborers, Crop, Nursery, and Greenhouse"
51,41,2,47-2073.00,Operating Engineers and Other Construction Equipment Operators
51,40,1,47-2051.00,Cement Masons and Concrete Finishers
51,40,2,51-4031.00,"Cutting, Punching, and Press Machine Setters, Operators, and Tenders, Metal and Plastic"
51,38,3,25-2011.00,"Preschool Teachers, Except Special Education"
51,29,2,35-1012.00,First-Line Supervisors of Food Preparation and Serving Workers
50,50,4,15-1243.01,Data Warehousing Specialists
50,43,1,53-7011.00,Conveyor Operators and Tenders
50,39,2,53-7031.00,Dredge Operators
50,38,2,53-7063.00,Machine Feeders and Offbearers
50,37,2,47-2141.00,"Painters, Construction and Maintenance"
50,36,3,47-2011.00,Boilermakers
50,36,4,11-2021.00,Marketing Managers
50,33,2,51-9083.00,Ophthalmic Laboratory Technicians
50,32,2,49-9098.00,"Helpers--Installation, Maintenance, and Repair Workers"
50,31,2,53-7065.00,Stockers and Order Fillers
49,48,5,25-1124.00,"Foreign Language and Literature Teachers, Postsecondary"
49,45,4,27-3031.00,Public Relations Specialists
49,41,3,49-3023.00,Automotive Service Technicians and Mechanics
49,41,2,41-1011.00,First-Line Supervisors of Retail Sales Workers
49,38,3,41-4011.07,Solar Sales Representatives and Assessors
49,37,3,49-9063.00,Musical Instrument Repairers and Tuners
49,36,3,49-9043.00,"Maintenance Workers, Machinery"
49,35,1,47-2043.00,Floor Sanders and Finishers
49,32,1,45-2041.00,"Graders and Sorters, Agricultural Products"
49,28,2,53-7081.00,Refuse and Recyclable Material Collectors
48,47,2,47-3016.00,Helpers--Roofers
48,44,5,25-1011.00,"Business Teachers, Postsecondary"
48,36,4,13-1011.00,"Agents and Business Managers of Artists, Performers, and Athletes"
48,36,2,47-5023.00,"Earth Drillers, Except Oil and Gas"
48,36,2,49-3092.00,Recreational Vehicle Service Technicians
48,35,3,51-4061.00,"Model Makers, Metal and Plastic"
48,31,2,51-2092.00,Team Assemblers
48,30,5,21-2011.00,Clergy
48,27,1,41-9091.00,"Door-to-Door Sales Workers, News and Street Vendors, and Related Workers"
47,43,3,49-9064.00,Watch and Clock Repairers
47,42,2,53-7062.04,Recycling and Reclamation Workers
47,42,2,51-6051.00,"Sewers, Hand"
47,40,2,53-2031.00,Flight Attendants
47,40,2,51-4035.00,"Milling and Planing Machine Setters, Operators, and Tenders, Metal and Plastic"
47,37,3,39-5091.00,"Makeup Artists, Theatrical and Performance"
47,35,2,51-4072.00,"Molding, Coremaking, and Casting Machine Setters, Operators, and Tenders, Metal and Plastic"
47,33,2,39-3092.00,Costume Attendants
47,32,2,51-9195.03,"Stone Cutters and Carvers, Manufacturing"
47,31,1,39-3091.00,Amusement and Recreation Attendants
46,41,3,51-4111.00,Tool and Die Makers
46,40,5,11-1011.00,Chief Executives
46,36,1,45-3031.00,Fishing and Hunting Workers
46,36,2,53-7064.00,"Packers and Packagers, Hand"
46,35,3,53-7021.00,Crane and Tower Operators
46,35,2,51-2031.00,Engine and Other Machine Assemblers
46,34,2,53-7062.00,"Laborers and Freight, Stock, and Material Movers, Hand"
46,31,2,49-9011.00,Mechanical Door Repairers
46,31,2,51-5113.00,Print Binding and Finishing Workers
46,24,2,41-9011.00,Demonstrators and Product Promoters
45,42,2,47-5043.00,"Roof Bolters, Mining"
45,38,2,35-3041.00,"Food Servers, Nonrestaurant"
45,37,3,47-2152.00,"Plumbers, Pipefitters, and Steamfitters"
45,31,2,43-9071.00,"Office Machine Operators, Except Computer"
45,26,2,31-1132.00,Orderlies
45,26,2,51-6063.00,"Textile Knitting and Weaving Machine Setters, Operators, and Tenders"
44,38,3,49-2011.00,"Computer, Automated Teller, and Office Machine Repairers"
44,36,2,47-2181.00,Roofers
44,35,2,47-2231.00,Solar Photovoltaic Installers
44,30,2,39-3031.00,"Ushers, Lobby Attendants, and Ticket Takers"
44,29,2,51-9151.00,Photographic Process Workers and Processing Machine Operators
44,26,1,35-3023.01,Baristas
43,40,2,47-2211.00,Sheet Metal Workers
43,37,2,49-3021.00,Automotive Body and Related Repairers
43,37,4,27-1024.00,Graphic Designers
43,36,5,23-1012.00,Judicial Law Clerks
43,35,1,47-2161.00,Plasterers and Stucco Masons
43,34,2,47-2021.00,Brickmasons and Blockmasons
43,34,2,51-9198.00,Helpers--Production Workers
43,34,4,27-1014.00,Special Effects Artists and Animators
43,31,2,51-6064.00,"Textile Winding, Twisting, and Drawing Out Machine Setters, Operators, and Tenders"
43,30,2,41-2031.00,Retail Salespersons
43,25,3,43-4141.00,New Accounts Clerks
43,22,3,35-2013.00,"Cooks, Private Household"
42,40,2,51-4192.00,"Layout Workers, Metal and Plastic"
42,36,5,27-1027.00,Set and Exhibit Designers
42,29,2,43-5052.00,Postal Service Mail Carriers
41,38,1,35-2021.00,Food Preparation Workers
41,36,2,47-2132.00,"Insulation Workers, Mechanical"
41,34,3,39-7011.00,Tour Guides and Escorts
41,33,2,49-9045.00,"Refractory Materials Repairers, Except Brickmasons"
41,28,2,43-5053.00,"Postal Service Mail Sorters, Processors, and Processing Machine Operators"
41,22,2,43-9051.00,"Mail Clerks and Mail Machine Operators, Except Postal Service"
40,37,1,45-4022.00,Logging Equipment Operators
40,30,2,51-7021.00,Furniture Finishers
40,28,1,37-2012.00,Maids and Housekeeping Cleaners
40,25,2,51-2061.00,Timing Device Assemblers and Adjusters
39,32,2,51-9195.04,"Glass Blowers, Molders, Benders, and Finishers"
39,30,1,51-9031.00,"Cutters and Trimmers, Hand"
39,27,2,27-2011.00,Actors
39,27,2,47-2121.00,Glaziers
39,24,2,39-9011.01,Nannies
39,18,2,41-2011.00,Cashiers
38,33,3,51-4062.00,"Patternmakers, Metal and Plastic"
38,33,2,49-3093.00,Tire Repairers and Changers
38,32,2,47-2071.00,"Paving, Surfacing, and Tamping Equipment Operators"
38,30,2,39-3012.00,Gambling and Sports Book Writers and Runners
38,30,3,51-9195.05,"Potters, Manufacturing"
38,29,2,33-9091.00,Crossing Guards and Flaggers
37,37,4,41-4011.00,"Sales Representatives, Wholesale and Manufacturing, Technical and Scientific Products"
37,31,2,47-4031.00,Fence Erectors
37,31,2,51-7042.00,"Woodworking Machine Setters, Operators, and Tenders, Except Sawing"
37,29,2,35-2014.00,"Cooks, Restaurant"
36,34,2,13-1074.00,Farm Labor Contractors
36,31,3,49-9061.00,Camera and Photographic Equipment Repairers
36,30,3,27-1012.00,Craft Artists
36,30,4,27-2042.00,Musicians and Singers
36,30,1,47-5071.00,"Roustabouts, Oil and Gas"
36,27,2,51-4122.00,"Welding, Soldering, and Brazing Machine Setters, Operators, and Tenders"
36,23,1,35-9011.00,Dining Room and Cafeteria Attendants and Bartender Helpers
35,35,3,51-7032.00,"Patternmakers, Wood"
35,29,2,51-2021.00,"Coil Winders, Tapers, and Finishers"
35,29,3,51-9071.00,Jewelers and Precious Stone and Metal Workers
35,27,2,51-6042.00,Shoe Machine Operators and Tenders
35,22,3,51-7031.00,"Model Makers, Wood"
35,20,2,35-3031.00,Waiters and Waitresses
34,34,1,35-9021.00,Dishwashers
34,28,2,47-5041.00,Continuous Mining Machine Operators
34,28,2,35-2015.00,"Cooks, Short Order"
34,26,2,51-3023.00,Slaughterers and Meat Packers
34,24,2,51-4071.00,Foundry Mold and Coremakers
34,24,2,39-5093.00,Shampooers
34,19,2,47-2042.00,"Floor Layers, Except Carpet, Wood, and Hard Tiles"
33,27,3,51-2041.00,Structural Metal Fabricators and Fitters
33,26,2,47-2131.00,"Insulation Workers, Floor, Ceiling, and Wall"
33,23,1,35-2011.00,"Cooks, Fast Food"
33,22,2,47-4091.00,Segmental Pavers
33,21,2,51-3011.00,Bakers
33,19,1,47-5051.00,"Rock Splitters, Quarry"
32,31,2,47-5044.00,"Loading and Moving Machine Operators, Underground Mining"
32,30,2,47-3015.00,"Helpers--Pipelayers, Plumbers, Pipefitters, and Steamfitters"
32,29,2,51-7011.00,Cabinetmakers and Bench Carpenters
32,28,4,27-3043.00,Writers and Authors
32,27,2,49-3022.00,Automotive Glass Installers and Repairers
32,25,2,47-2171.00,Reinforcing Iron and Rebar Workers
32,18,2,41-9012.00,Models
32,16,2,47-2142.00,Paperhangers
31,23,3,47-2022.00,Stonemasons
31,22,2,49-9051.00,Electrical Power-Line Installers and Repairers
31,22,2,51-6041.00,Shoe and Leather Workers and Repairers
31,Not available,2,39-5092.00,Manicurists and Pedicurists
30,24,1,51-6031.00,Sewing Machine Operators
30,24,3,39-5094.00,Skincare Specialists
30,23,2,51-7041.00,"Sawing Machine Setters, Operators, and Tenders, Wood"
30,22,2,47-2044.00,Tile and Stone Setters
30,Not available,1,51-6021.00,"Pressers, Textile, Garment, and Related Materials"
29,25,2,51-6093.00,Upholsterers
29,23,2,47-3012.00,Helpers--Carpenters
29,22,2,39-3021.00,Motion Picture Projectionists
29,20,2,51-6052.00,"Tailors, Dressmakers, and Custom Sewers"
29,17,2,47-2053.00,Terrazzo Workers and Finishers
28,32,2,47-3013.00,Helpers--Electricians
28,27,2,37-3013.00,Tree Trimmers and Pruners
28,25,2,47-3011.00,"Helpers--Brickmasons, Blockmasons, Stonemasons, and Tile and Marble Setters"
28,23,2,37-2011.00,"Janitors and Cleaners, Except Maids and Housekeeping Cleaners"
28,22,2,47-2151.00,Pipelayers
27,21,2,51-4121.00,"Welders, Cutters, Solderers, and Brazers"
27,18,1,35-3023.00,Fast Food and Counter Workers
27,14,3,27-1026.00,Merchandise Displayers and Window Trimmers
27,Not available,1,51-9123.00,"Painting, Coating, and Decorating Workers"
26,16,2,35-9031.00,"Hosts and Hostesses, Restaurant, Lounge, and Coffee Shop"
25,24,3,27-1013.00,"Fine Artists, Including Painters, Sculptors, and Illustrators"
24,17,2,47-2041.00,Carpet Installers
24,16,2,39-3011.00,Gambling Dealers
24,12,1,47-3014.00,"Helpers--Painters, Paperhangers, Plasterers, and Stucco Masons"
24,12,1,37-3011.00,Landscaping and Groundskeeping Workers
23,19,2,47-2221.00,Structural Iron and Steel Workers
22,22,2,47-2081.00,Drywall and Ceiling Tile Installers
20,17,2,53-6061.00,Passenger Attendants
19,16,3,27-2031.00,Dancers
18,15,1,51-6011.00,Laundry and Dry-Cleaning Workers
18,14,3,39-5011.00,Barbers
18,14,1,45-4021.00,Fallers
11,Not available,2,47-2082.00,Tapers
10,Not available,2,39-3093.00,"Locker Room, Coatroom, and Dressing Room Attendants"
